{
  "format_version": "1.10.0",
  "minecraft:entity": {
    "description": {
      "identifier": "toyota:lc200_7",
      "is_spawnable": true,
      "is_summonable": true,
      "is_experimental": false
    },
    "components": {
      "minecraft:type_family": {
        "family": [
          "car"
        ]
      },
      "minecraft:breathable": {
        "totalSupply": 1,
        "suffocateTime": 0
      },
      "minecraft:scale": {
        "value": 1.05
      },
      "minecraft:collision_box": {
        "width": 1.5,
        "height": 1.5
      },
      "minecraft:movement": {
        "value": 0.3
      },
      "minecraft:movement.basic": {},
      "minecraft:jump.static": {},
      "minecraft:health": {
        "value": 85,
        "max": 85
      },
      "minecraft:nameable": {},
      "minecraft:inventory": {
        "inventory_size": 27,
        "container_type": "container",
        "private": false
      },
      "minecraft:knockback_resistance": {
        "value": 1
      },
      "minecraft:rideable": {
        "priority": 0,
        "seat_count": 4,
        "crouching_skip_interact": true,
        "interact_text": "Drive",
        "family_types": [
          "player",
          "zombie"
        ],
        "seats": [
          {
            "position": [
              0.6,
              0.6,
              0.3
            ],
            "min_rider_count": 0,
            "max_rider_count": 0
          },
          {
            "position": [
              -0.6,
              0.6,
              0.3
            ],
            "min_rider_count": 2,
            "max_rider_count": 5
          },
          {
            "position": [
              -0.6,
              0.6,
              -0.8
            ],
            "min_rider_count": 2,
            "max_rider_count": 5
          },
          {
            "position": [
              0.6,
              0.6,
              -0.8
            ],
            "min_rider_count": 2,
            "max_rider_count": 5
          },
          {
            "position": [
              0,
              0,
              0
            ],
            "min_rider_count": 2,
            "max_rider_count": 5
          }
        ]
      },
      "minecraft:input_ground_controlled": {},
      "minecraft:physics": {}
    }
  }
}