{
  "format_version": "1.10.0",
  "minecraft:client_entity": {
    "description": {
      "identifier": "toyota:lc200_gendarmerie",
      "materials": {
        "default": "enderman"
      },
      "textures": {
        "default": "textures/entity/car/LC200_9"
      },
      "geometry": {
        "default": "geometry.LC2005"
      },
      "animations": {
        "rotate": "animation.1111.rotate"
      },
      "scripts": {
        "animate": [
          {
            "rotate": "query.modified_distance_moved"
          }
        ]
      },
      "spawn_egg": {
        "texture": "egg_gclass",
        "texture_index": 0
      },
      "render_controllers": [
        "controller.render.car"
      ]
    }
  }
}